<?xml version="1.0" encoding="UTF-8"?>

<DBMetaData driverMajorVersion="5" driverMinorVersion="1" driverVersion="mysql-connector-java-5.1.31 ( Revision: alexander.soklakov@oracle.com-20140520065950-groqzzbvxprqdmnz )" productVersion="5.7.25-0ubuntu0.18.04.2" identifierQuoteString="`" transactionLevel="Repeatable read" driverName="MySQL Connector Java" productName="MySQL">
  <Table schema="" ignoreIndexes="false" name="activityinstance" type="TABLE" refreshed="true">
    <Column sqlTypeId="4" indexed="unknown" autoIncrement="false" type="INT" size="10" decimalDigits="0" name="oid" primaryKey="true" notNull="true"/>
    <Column sqlTypeId="12" indexed="unknown" autoIncrement="false" type="VARCHAR" size="255" decimalDigits="0" name="name" primaryKey="false" notNull="false"/>
    <Column sqlTypeId="12" indexed="unknown" autoIncrement="false" type="VARCHAR" size="255" decimalDigits="0" name="status" primaryKey="false" notNull="false"/>
    <Column sqlTypeId="93" indexed="unknown" autoIncrement="false" type="DATETIME" size="19" decimalDigits="0" name="ready_since" primaryKey="false" notNull="false"/>
    <Column sqlTypeId="93" indexed="unknown" autoIncrement="false" type="DATETIME" size="19" decimalDigits="0" name="active_since" primaryKey="false" notNull="false"/>
    <Column sqlTypeId="93" indexed="unknown" autoIncrement="false" type="DATETIME" size="19" decimalDigits="0" name="completed_at" primaryKey="false" notNull="false"/>
    <Column sqlTypeId="93" indexed="unknown" autoIncrement="false" type="DATETIME" size="19" decimalDigits="0" name="aborted_at" primaryKey="false" notNull="false"/>
    <Column sqlTypeId="93" indexed="unknown" autoIncrement="false" type="DATETIME" size="19" decimalDigits="0" name="cancelled_at" primaryKey="false" notNull="false"/>
    <Column sqlTypeId="93" indexed="unknown" autoIncrement="false" type="DATETIME" size="19" decimalDigits="0" name="worked_at" primaryKey="false" notNull="false"/>
    <Column sqlTypeId="-7" indexed="unknown" autoIncrement="false" type="BIT" size="1" decimalDigits="0" name="rollbackable" primaryKey="false" notNull="false"/>
    <Column sqlTypeId="12" indexed="unknown" autoIncrement="false" type="VARCHAR" size="255" decimalDigits="0" name="context" primaryKey="false" notNull="false"/>
    <Column sqlTypeId="4" indexed="unknown" autoIncrement="false" type="INT" size="10" decimalDigits="0" name="group_oid" primaryKey="false" notNull="false"/>
    <Column sqlTypeId="4" indexed="unknown" autoIncrement="false" type="INT" size="10" decimalDigits="0" name="activitytype_oid" primaryKey="false" notNull="false"/>
    <Column sqlTypeId="4" indexed="unknown" autoIncrement="false" type="INT" size="10" decimalDigits="0" name="processinstance_oid" primaryKey="false" notNull="false"/>
    <Column sqlTypeId="4" indexed="unknown" autoIncrement="false" type="INT" size="10" decimalDigits="0" name="user_oid" primaryKey="false" notNull="false"/>
    <ForeignKey localColumnName="activitytype_oid" foreignColumnName="oid" name="fk_activityinstance_activityty" foreignTableName="activitytype" foreignSchemaName=""/>
    <ForeignKey localColumnName="group_oid" foreignColumnName="oid" name="fk_activityinstance_group" foreignTableName="group" foreignSchemaName=""/>
    <ForeignKey localColumnName="processinstance_oid" foreignColumnName="oid" name="fk_activityinstance_processins" foreignTableName="processinstance" foreignSchemaName=""/>
    <ForeignKey localColumnName="user_oid" foreignColumnName="oid" name="fk_activityinstance_user" foreignTableName="user" foreignSchemaName=""/>
  </Table>
  <Table schema="" ignoreIndexes="false" name="activityinstance_candidateuser" type="TABLE" refreshed="true">
    <Column sqlTypeId="4" indexed="unknown" autoIncrement="false" type="INT" size="10" decimalDigits="0" name="activityinstance_oid" primaryKey="true" notNull="true"/>
    <Column sqlTypeId="4" indexed="unknown" autoIncrement="false" type="INT" size="10" decimalDigits="0" name="user_oid" primaryKey="true" notNull="true"/>
    <ForeignKey localColumnName="user_oid" foreignColumnName="oid" name="fk_activityinstance_candidat_2" foreignTableName="user" foreignSchemaName=""/>
    <ForeignKey localColumnName="activityinstance_oid" foreignColumnName="oid" name="fk_activityinstance_candidateu" foreignTableName="activityinstance" foreignSchemaName=""/>
  </Table>
  <Table schema="" ignoreIndexes="false" name="activitytype" type="TABLE" refreshed="true">
    <Column sqlTypeId="4" indexed="unknown" autoIncrement="false" type="INT" size="10" decimalDigits="0" name="oid" primaryKey="true" notNull="true"/>
    <Column sqlTypeId="12" indexed="unknown" autoIncrement="false" type="VARCHAR" size="255" decimalDigits="0" name="id" primaryKey="false" notNull="false"/>
    <Column sqlTypeId="12" indexed="unknown" autoIncrement="false" type="VARCHAR" size="255" decimalDigits="0" name="code" primaryKey="false" notNull="false"/>
    <Column sqlTypeId="12" indexed="unknown" autoIncrement="false" type="VARCHAR" size="255" decimalDigits="0" name="name" primaryKey="false" notNull="false"/>
    <Column sqlTypeId="12" indexed="unknown" autoIncrement="false" type="VARCHAR" size="255" decimalDigits="0" name="default_instance_name" primaryKey="false" notNull="false"/>
    <Column sqlTypeId="-1" indexed="unknown" autoIncrement="false" type="LONGTEXT" size="2147483647" decimalDigits="0" name="description" primaryKey="false" notNull="false"/>
    <Column sqlTypeId="12" indexed="unknown" autoIncrement="false" type="VARCHAR" size="255" decimalDigits="0" name="type" primaryKey="false" notNull="false"/>
    <Column sqlTypeId="12" indexed="unknown" autoIncrement="false" type="VARCHAR" size="255" decimalDigits="0" name="execution" primaryKey="false" notNull="false"/>
    <Column sqlTypeId="8" indexed="unknown" autoIncrement="false" type="DOUBLE" size="22" decimalDigits="0" name="sort_number" primaryKey="false" notNull="false"/>
    <Column sqlTypeId="12" indexed="unknown" autoIncrement="false" type="VARCHAR" size="255" decimalDigits="0" name="uuid" primaryKey="false" notNull="false"/>
    <Column sqlTypeId="4" indexed="unknown" autoIncrement="false" type="INT" size="10" decimalDigits="0" name="process_oid" primaryKey="false" notNull="false"/>
    <ForeignKey localColumnName="process_oid" foreignColumnName="oid" name="fk_activitytype_process" foreignTableName="process" foreignSchemaName=""/>
  </Table>
  <Table schema="" ignoreIndexes="false" name="attachment" type="TABLE" refreshed="true">
    <Column sqlTypeId="4" indexed="unknown" autoIncrement="false" type="INT" size="10" decimalDigits="0" name="oid" primaryKey="true" notNull="true"/>
    <Column sqlTypeId="12" indexed="unknown" autoIncrement="false" type="VARCHAR" size="255" decimalDigits="0" name="file" primaryKey="false" notNull="false"/>
    <Column sqlTypeId="12" indexed="unknown" autoIncrement="false" type="VARCHAR" size="255" decimalDigits="0" name="title" primaryKey="false" notNull="false"/>
    <Column sqlTypeId="93" indexed="unknown" autoIncrement="false" type="DATETIME" size="19" decimalDigits="0" name="timestamp" primaryKey="false" notNull="false"/>
    <Column sqlTypeId="4" indexed="unknown" autoIncrement="false" type="INT" size="10" decimalDigits="0" name="user_oid" primaryKey="false" notNull="false"/>
    <ForeignKey localColumnName="user_oid" foreignColumnName="oid" name="fk_attachment_user" foreignTableName="user" foreignSchemaName=""/>
  </Table>
  <Table schema="" ignoreIndexes="false" name="attachment_processinstance" type="TABLE" refreshed="true">
    <Column sqlTypeId="4" indexed="unknown" autoIncrement="false" type="INT" size="10" decimalDigits="0" name="attachment_oid" primaryKey="true" notNull="true"/>
    <Column sqlTypeId="4" indexed="unknown" autoIncrement="false" type="INT" size="10" decimalDigits="0" name="processinstance_oid" primaryKey="true" notNull="true"/>
    <ForeignKey localColumnName="processinstance_oid" foreignColumnName="oid" name="fk_attachment_processinstanc_2" foreignTableName="processinstance" foreignSchemaName=""/>
    <ForeignKey localColumnName="attachment_oid" foreignColumnName="oid" name="fk_attachment_processinstance" foreignTableName="attachment" foreignSchemaName=""/>
  </Table>
  <Table schema="" ignoreIndexes="false" name="group" type="TABLE" refreshed="true">
    <Column sqlTypeId="4" indexed="unknown" autoIncrement="false" type="INT" size="10" decimalDigits="0" name="oid" primaryKey="true" notNull="true"/>
    <Column sqlTypeId="12" indexed="unknown" autoIncrement="false" type="VARCHAR" size="255" decimalDigits="0" name="groupname" primaryKey="false" notNull="false"/>
    <Column sqlTypeId="4" indexed="unknown" autoIncrement="false" type="INT" size="10" decimalDigits="0" name="module_oid" primaryKey="false" notNull="false"/>
    <ForeignKey localColumnName="module_oid" foreignColumnName="oid" name="fk_group_module" foreignTableName="module" foreignSchemaName=""/>
  </Table>
  <Table schema="" ignoreIndexes="false" name="group_activitytype" type="TABLE" refreshed="true">
    <Column sqlTypeId="4" indexed="unknown" autoIncrement="false" type="INT" size="10" decimalDigits="0" name="group_oid" primaryKey="true" notNull="true"/>
    <Column sqlTypeId="4" indexed="unknown" autoIncrement="false" type="INT" size="10" decimalDigits="0" name="activitytype_oid" primaryKey="true" notNull="true"/>
    <ForeignKey localColumnName="activitytype_oid" foreignColumnName="oid" name="fk_group_activitytype_activity" foreignTableName="activitytype" foreignSchemaName=""/>
    <ForeignKey localColumnName="group_oid" foreignColumnName="oid" name="fk_group_activitytype_group" foreignTableName="group" foreignSchemaName=""/>
  </Table>
  <Table schema="" ignoreIndexes="false" name="group_module" type="TABLE" refreshed="true">
    <Column sqlTypeId="4" indexed="unknown" autoIncrement="false" type="INT" size="10" decimalDigits="0" name="group_oid" primaryKey="true" notNull="true"/>
    <Column sqlTypeId="4" indexed="unknown" autoIncrement="false" type="INT" size="10" decimalDigits="0" name="module_oid" primaryKey="true" notNull="true"/>
    <ForeignKey localColumnName="group_oid" foreignColumnName="oid" name="fk_group_module_group" foreignTableName="group" foreignSchemaName=""/>
    <ForeignKey localColumnName="module_oid" foreignColumnName="oid" name="fk_group_module_module" foreignTableName="module" foreignSchemaName=""/>
  </Table>
  <Table schema="" ignoreIndexes="false" name="module" type="TABLE" refreshed="true">
    <Column sqlTypeId="4" indexed="unknown" autoIncrement="false" type="INT" size="10" decimalDigits="0" name="oid" primaryKey="true" notNull="true"/>
    <Column sqlTypeId="12" indexed="unknown" autoIncrement="false" type="VARCHAR" size="255" decimalDigits="0" name="moduleid" primaryKey="false" notNull="false"/>
    <Column sqlTypeId="12" indexed="unknown" autoIncrement="false" type="VARCHAR" size="255" decimalDigits="0" name="modulename" primaryKey="false" notNull="false"/>
    <Column sqlTypeId="12" indexed="unknown" autoIncrement="false" type="VARCHAR" size="255" decimalDigits="0" name="moduledomainname" primaryKey="false" notNull="false"/>
  </Table>
  <Table schema="" ignoreIndexes="false" name="note" type="TABLE" refreshed="true">
    <Column sqlTypeId="4" indexed="unknown" autoIncrement="false" type="INT" size="10" decimalDigits="0" name="oid" primaryKey="true" notNull="true"/>
    <Column sqlTypeId="-1" indexed="unknown" autoIncrement="false" type="LONGTEXT" size="2147483647" decimalDigits="0" name="text" primaryKey="false" notNull="false"/>
    <Column sqlTypeId="93" indexed="unknown" autoIncrement="false" type="DATETIME" size="19" decimalDigits="0" name="timestamp" primaryKey="false" notNull="false"/>
    <Column sqlTypeId="4" indexed="unknown" autoIncrement="false" type="INT" size="10" decimalDigits="0" name="activityinstance_oid" primaryKey="false" notNull="false"/>
    <Column sqlTypeId="4" indexed="unknown" autoIncrement="false" type="INT" size="10" decimalDigits="0" name="user_oid" primaryKey="false" notNull="false"/>
    <ForeignKey localColumnName="activityinstance_oid" foreignColumnName="oid" name="fk_note_activityinstance" foreignTableName="activityinstance" foreignSchemaName=""/>
    <ForeignKey localColumnName="user_oid" foreignColumnName="oid" name="fk_note_user" foreignTableName="user" foreignSchemaName=""/>
  </Table>
  <Table schema="" ignoreIndexes="false" name="note_activityinstance" type="TABLE" refreshed="true">
    <Column sqlTypeId="4" indexed="unknown" autoIncrement="false" type="INT" size="10" decimalDigits="0" name="note_oid" primaryKey="true" notNull="true"/>
    <Column sqlTypeId="4" indexed="unknown" autoIncrement="false" type="INT" size="10" decimalDigits="0" name="activityinstance_oid" primaryKey="true" notNull="true"/>
    <ForeignKey localColumnName="activityinstance_oid" foreignColumnName="oid" name="fk_note_activityinstance_activ" foreignTableName="activityinstance" foreignSchemaName=""/>
    <ForeignKey localColumnName="note_oid" foreignColumnName="oid" name="fk_note_activityinstance_note" foreignTableName="note" foreignSchemaName=""/>
  </Table>
  <Table schema="" ignoreIndexes="false" name="note_processinstance" type="TABLE" refreshed="true">
    <Column sqlTypeId="4" indexed="unknown" autoIncrement="false" type="INT" size="10" decimalDigits="0" name="note_oid" primaryKey="true" notNull="true"/>
    <Column sqlTypeId="4" indexed="unknown" autoIncrement="false" type="INT" size="10" decimalDigits="0" name="processinstance_oid" primaryKey="true" notNull="true"/>
    <ForeignKey localColumnName="note_oid" foreignColumnName="oid" name="fk_note_processinstance_note" foreignTableName="note" foreignSchemaName=""/>
    <ForeignKey localColumnName="processinstance_oid" foreignColumnName="oid" name="fk_note_processinstance_proces" foreignTableName="processinstance" foreignSchemaName=""/>
  </Table>
  <Table schema="" ignoreIndexes="false" name="notification" type="TABLE" refreshed="true">
    <Column sqlTypeId="4" indexed="unknown" autoIncrement="false" type="INT" size="10" decimalDigits="0" name="oid" primaryKey="true" notNull="true"/>
    <Column sqlTypeId="12" indexed="unknown" autoIncrement="false" type="VARCHAR" size="255" decimalDigits="0" name="message" primaryKey="false" notNull="false"/>
    <Column sqlTypeId="-7" indexed="unknown" autoIncrement="false" type="BIT" size="1" decimalDigits="0" name="read" primaryKey="false" notNull="false"/>
    <Column sqlTypeId="4" indexed="unknown" autoIncrement="false" type="INT" size="10" decimalDigits="0" name="activityinstance_oid" primaryKey="false" notNull="false"/>
    <ForeignKey localColumnName="activityinstance_oid" foreignColumnName="oid" name="fk_notification_activityinstan" foreignTableName="activityinstance" foreignSchemaName=""/>
  </Table>
  <Table schema="" ignoreIndexes="false" name="parameterinstance" type="TABLE" refreshed="true">
    <Column sqlTypeId="4" indexed="unknown" autoIncrement="false" type="INT" size="10" decimalDigits="0" name="oid" primaryKey="true" notNull="true"/>
    <Column sqlTypeId="12" indexed="unknown" autoIncrement="false" type="VARCHAR" size="255" decimalDigits="0" name="value" primaryKey="false" notNull="false"/>
    <Column sqlTypeId="-7" indexed="unknown" autoIncrement="false" type="BIT" size="1" decimalDigits="0" name="current" primaryKey="false" notNull="false"/>
    <Column sqlTypeId="93" indexed="unknown" autoIncrement="false" type="DATETIME" size="19" decimalDigits="0" name="timestamp" primaryKey="false" notNull="false"/>
    <Column sqlTypeId="4" indexed="unknown" autoIncrement="false" type="INT" size="10" decimalDigits="0" name="activityinstance_oid" primaryKey="false" notNull="false"/>
    <Column sqlTypeId="4" indexed="unknown" autoIncrement="false" type="INT" size="10" decimalDigits="0" name="parametertype_oid" primaryKey="false" notNull="false"/>
    <Column sqlTypeId="4" indexed="unknown" autoIncrement="false" type="INT" size="10" decimalDigits="0" name="processinstance_oid" primaryKey="false" notNull="false"/>
    <ForeignKey localColumnName="activityinstance_oid" foreignColumnName="oid" name="fk_parameterinstance_activityi" foreignTableName="activityinstance" foreignSchemaName=""/>
    <ForeignKey localColumnName="parametertype_oid" foreignColumnName="oid" name="fk_parameterinstance_parameter" foreignTableName="parametertype" foreignSchemaName=""/>
    <ForeignKey localColumnName="processinstance_oid" foreignColumnName="oid" name="fk_parameterinstance_processin" foreignTableName="processinstance" foreignSchemaName=""/>
  </Table>
  <Table schema="" ignoreIndexes="false" name="parametertype" type="TABLE" refreshed="true">
    <Column sqlTypeId="4" indexed="unknown" autoIncrement="false" type="INT" size="10" decimalDigits="0" name="oid" primaryKey="true" notNull="true"/>
    <Column sqlTypeId="12" indexed="unknown" autoIncrement="false" type="VARCHAR" size="255" decimalDigits="0" name="name" primaryKey="false" notNull="false"/>
    <Column sqlTypeId="12" indexed="unknown" autoIncrement="false" type="VARCHAR" size="255" decimalDigits="0" name="description" primaryKey="false" notNull="false"/>
    <Column sqlTypeId="12" indexed="unknown" autoIncrement="false" type="VARCHAR" size="255" decimalDigits="0" name="type" primaryKey="false" notNull="false"/>
    <Column sqlTypeId="4" indexed="unknown" autoIncrement="false" type="INT" size="10" decimalDigits="0" name="process_oid" primaryKey="false" notNull="false"/>
    <ForeignKey localColumnName="process_oid" foreignColumnName="oid" name="fk_parametertype_process" foreignTableName="process" foreignSchemaName=""/>
  </Table>
  <Table schema="" ignoreIndexes="false" name="previousactivityinstance_nexta" type="TABLE" refreshed="true">
    <Column sqlTypeId="4" indexed="unknown" autoIncrement="false" type="INT" size="10" decimalDigits="0" name="activityinstance_oid_2" primaryKey="true" notNull="true"/>
    <Column sqlTypeId="4" indexed="unknown" autoIncrement="false" type="INT" size="10" decimalDigits="0" name="activityinstance_oid" primaryKey="true" notNull="true"/>
    <ForeignKey localColumnName="activityinstance_oid" foreignColumnName="oid" name="fk_previousactivityinstance_2" foreignTableName="activityinstance" foreignSchemaName=""/>
    <ForeignKey localColumnName="activityinstance_oid_2" foreignColumnName="oid" name="fk_previousactivityinstance_ne" foreignTableName="activityinstance" foreignSchemaName=""/>
  </Table>
  <Table schema="" ignoreIndexes="false" name="process" type="TABLE" refreshed="true">
    <Column sqlTypeId="4" indexed="unknown" autoIncrement="false" type="INT" size="10" decimalDigits="0" name="oid" primaryKey="true" notNull="true"/>
    <Column sqlTypeId="12" indexed="unknown" autoIncrement="false" type="VARCHAR" size="255" decimalDigits="0" name="code" primaryKey="false" notNull="false"/>
    <Column sqlTypeId="12" indexed="unknown" autoIncrement="false" type="VARCHAR" size="255" decimalDigits="0" name="name" primaryKey="false" notNull="false"/>
    <Column sqlTypeId="12" indexed="unknown" autoIncrement="false" type="VARCHAR" size="255" decimalDigits="0" name="default_instance_name" primaryKey="false" notNull="false"/>
    <Column sqlTypeId="-1" indexed="unknown" autoIncrement="false" type="LONGTEXT" size="2147483647" decimalDigits="0" name="description" primaryKey="false" notNull="false"/>
    <Column sqlTypeId="12" indexed="unknown" autoIncrement="false" type="VARCHAR" size="255" decimalDigits="0" name="uuid" primaryKey="false" notNull="false"/>
    <Column sqlTypeId="12" indexed="unknown" autoIncrement="false" type="VARCHAR" size="255" decimalDigits="0" name="version" primaryKey="false" notNull="false"/>
  </Table>
  <Table schema="" ignoreIndexes="false" name="processinstance" type="TABLE" refreshed="true">
    <Column sqlTypeId="4" indexed="unknown" autoIncrement="false" type="INT" size="10" decimalDigits="0" name="oid" primaryKey="true" notNull="true"/>
    <Column sqlTypeId="12" indexed="unknown" autoIncrement="false" type="VARCHAR" size="255" decimalDigits="0" name="name" primaryKey="false" notNull="false"/>
    <Column sqlTypeId="4" indexed="unknown" autoIncrement="false" type="INT" size="10" decimalDigits="0" name="subprocessindex" primaryKey="false" notNull="false"/>
    <Column sqlTypeId="12" indexed="unknown" autoIncrement="false" type="VARCHAR" size="255" decimalDigits="0" name="status" primaryKey="false" notNull="false"/>
    <Column sqlTypeId="93" indexed="unknown" autoIncrement="false" type="DATETIME" size="19" decimalDigits="0" name="active_since" primaryKey="false" notNull="false"/>
    <Column sqlTypeId="93" indexed="unknown" autoIncrement="false" type="DATETIME" size="19" decimalDigits="0" name="completed_at" primaryKey="false" notNull="false"/>
    <Column sqlTypeId="93" indexed="unknown" autoIncrement="false" type="DATETIME" size="19" decimalDigits="0" name="cancelled_at" primaryKey="false" notNull="false"/>
    <Column sqlTypeId="93" indexed="unknown" autoIncrement="false" type="DATETIME" size="19" decimalDigits="0" name="aborted_at" primaryKey="false" notNull="false"/>
    <Column sqlTypeId="4" indexed="unknown" autoIncrement="false" type="INT" size="10" decimalDigits="0" name="process_oid" primaryKey="false" notNull="false"/>
    <Column sqlTypeId="4" indexed="unknown" autoIncrement="false" type="INT" size="10" decimalDigits="0" name="processinstance_oid" primaryKey="false" notNull="false"/>
    <ForeignKey localColumnName="process_oid" foreignColumnName="oid" name="fk_processinstance_process" foreignTableName="process" foreignSchemaName=""/>
    <ForeignKey localColumnName="processinstance_oid" foreignColumnName="oid" name="fk_processinstance_processinst" foreignTableName="processinstance" foreignSchemaName=""/>
  </Table>
  <Table schema="" ignoreIndexes="false" name="sequenceflow" type="TABLE" refreshed="true">
    <Column sqlTypeId="4" indexed="unknown" autoIncrement="false" type="INT" size="10" decimalDigits="0" name="oid" primaryKey="true" notNull="true"/>
    <Column sqlTypeId="12" indexed="unknown" autoIncrement="false" type="VARCHAR" size="255" decimalDigits="0" name="label" primaryKey="false" notNull="false"/>
    <Column sqlTypeId="12" indexed="unknown" autoIncrement="false" type="VARCHAR" size="255" decimalDigits="0" name="condition" primaryKey="false" notNull="false"/>
    <Column sqlTypeId="-7" indexed="unknown" autoIncrement="false" type="BIT" size="1" decimalDigits="0" name="default" primaryKey="false" notNull="false"/>
    <Column sqlTypeId="8" indexed="unknown" autoIncrement="false" type="DOUBLE" size="22" decimalDigits="0" name="sort_number" primaryKey="false" notNull="false"/>
    <Column sqlTypeId="4" indexed="unknown" autoIncrement="false" type="INT" size="10" decimalDigits="0" name="activitytype_oid" primaryKey="false" notNull="false"/>
    <Column sqlTypeId="4" indexed="unknown" autoIncrement="false" type="INT" size="10" decimalDigits="0" name="activitytype_oid_2" primaryKey="false" notNull="false"/>
    <ForeignKey localColumnName="activitytype_oid" foreignColumnName="oid" name="fk_sequenceflow_activitytype" foreignTableName="activitytype" foreignSchemaName=""/>
    <ForeignKey localColumnName="activitytype_oid_2" foreignColumnName="oid" name="fk_sequenceflow_activitytype_2" foreignTableName="activitytype" foreignSchemaName=""/>
  </Table>
  <Table schema="" ignoreIndexes="false" name="user" type="TABLE" refreshed="true">
    <Column sqlTypeId="4" indexed="unknown" autoIncrement="false" type="INT" size="10" decimalDigits="0" name="oid" primaryKey="true" notNull="true"/>
    <Column sqlTypeId="12" indexed="unknown" autoIncrement="false" type="VARCHAR" size="255" decimalDigits="0" name="username" primaryKey="false" notNull="false"/>
    <Column sqlTypeId="12" indexed="unknown" autoIncrement="false" type="VARCHAR" size="255" decimalDigits="0" name="password" primaryKey="false" notNull="false"/>
    <Column sqlTypeId="12" indexed="unknown" autoIncrement="false" type="VARCHAR" size="255" decimalDigits="0" name="email" primaryKey="false" notNull="false"/>
    <Column sqlTypeId="4" indexed="unknown" autoIncrement="false" type="INT" size="10" decimalDigits="0" name="group_oid" primaryKey="false" notNull="false"/>
    <ForeignKey localColumnName="group_oid" foreignColumnName="oid" name="fk_user_group" foreignTableName="group" foreignSchemaName=""/>
  </Table>
  <Table schema="" ignoreIndexes="false" name="user_group" type="TABLE" refreshed="true">
    <Column sqlTypeId="4" indexed="unknown" autoIncrement="false" type="INT" size="10" decimalDigits="0" name="user_oid" primaryKey="true" notNull="true"/>
    <Column sqlTypeId="4" indexed="unknown" autoIncrement="false" type="INT" size="10" decimalDigits="0" name="group_oid" primaryKey="true" notNull="true"/>
    <ForeignKey localColumnName="group_oid" foreignColumnName="oid" name="fk_user_group_group" foreignTableName="group" foreignSchemaName=""/>
    <ForeignKey localColumnName="user_oid" foreignColumnName="oid" name="fk_user_group_user" foreignTableName="user" foreignSchemaName=""/>
  </Table>
  <Table schema="" ignoreIndexes="false" name="user_notifications" type="TABLE" refreshed="true">
    <Column sqlTypeId="4" indexed="unknown" autoIncrement="false" type="INT" size="10" decimalDigits="0" name="user_oid" primaryKey="true" notNull="true"/>
    <Column sqlTypeId="4" indexed="unknown" autoIncrement="false" type="INT" size="10" decimalDigits="0" name="notification_oid" primaryKey="true" notNull="true"/>
    <ForeignKey localColumnName="notification_oid" foreignColumnName="oid" name="fk_user_notifications_notifica" foreignTableName="notification" foreignSchemaName=""/>
    <ForeignKey localColumnName="user_oid" foreignColumnName="oid" name="fk_user_notifications_user" foreignTableName="user" foreignSchemaName=""/>
  </Table>
  <Table schema="" ignoreIndexes="false" name="processinstance_attachment_cou" type="VIEW" refreshed="true">
    <Column sqlTypeId="4" indexed="unknown" autoIncrement="false" type="INT" size="10" decimalDigits="0" name="oid" primaryKey="false" notNull="true"/>
    <Column sqlTypeId="2" indexed="unknown" autoIncrement="false" type="NUMERIC" size="19" decimalDigits="0" webMLType="decimal" name="der_attr" primaryKey="false" notNull="true"/>
    <SQLDefinition>select `AL1`.`oid` AS `oid`,count(distinct `AL2`.`attachment_oid`) AS `der_attr` from (`processinstance` `AL1` left join `attachment_processinstance` `AL2` on((`AL1`.`oid` = `AL2`.`processinstance_oid`))) group by `AL1`.`oid`</SQLDefinition>
  </Table>
</DBMetaData>
