<?xml version="1.0" encoding="UTF-8"?>
<!DOCTYPE hibernate-configuration PUBLIC "-//Hibernate/Hibernate Configuration DTD 3.0//EN" "http://hibernate.sourceforge.net/hibernate-configuration-3.0.dtd">

<hibernate-configuration>
  <session-factory>
    <property name="webratio.database.id">db1</property>
    <!-- Database connection settings -->
    <property name="connection.driver_class">com.mysql.jdbc.Driver</property>
    <property name="connection.url">jdbc:mysql://localhost:3306/db1</property>
    <property name="connection.username">admin</property>
    <property name="connection.password">password</property>
    <property name="webratio.connection.cryptedPassword"/>
    <!-- JDBC connection pool (use the built-in) -->
    <property name="connection.pool_size">15</property>
    <property name="connection.provider_class">com.webratio.rtx.hibernate.DBCPConnectionProvider</property>
    <property name="webratio.format_number">?1</property>
    <property name="webratio.format_date">date_format(?1, '%Y-%m-%d')</property>
    <property name="webratio.format_time">date_format(?1, '%H:%i:%S')</property>
    <property name="webratio.format_timestamp">concat(date_format(?1, '%Y-%m-%d %H:%i:%S'), '.0')</property>
    <property name="webratio.interval_to_seconds">time_to_sec(timediff(?2, ?1))</property>
    <property name="webratio.extract_time">?1</property>
    <!-- SQL dialect -->
    <property name="dialect">org.hibernate.dialect.MySQL5Dialect</property>
    <!-- Enable Hibernate's automatic session context management -->
    <property name="current_session_context_class">thread</property>
    <!-- Disable the second-level cache  -->
    <property name="cache.provider_class">org.hibernate.cache.NoCacheProvider</property>
    <!-- Echo all executed SQL to stdout -->
    <property name="show_sql">false</property>
    <property name="format_sql">true</property>
    <mapping resource="com/webratio/webapp/User.hbm.xml"/>
    <mapping resource="com/webratio/webapp/Group.hbm.xml"/>
    <mapping resource="com/webratio/webapp/Module.hbm.xml"/>
    <mapping resource="com/webratio/webapp/Process.hbm.xml"/>
    <mapping resource="com/webratio/webapp/ProcessInstance.hbm.xml"/>
    <mapping resource="com/webratio/webapp/ActivityType.hbm.xml"/>
    <mapping resource="com/webratio/webapp/ActivityInstance.hbm.xml"/>
    <mapping resource="com/webratio/webapp/ParameterType.hbm.xml"/>
    <mapping resource="com/webratio/webapp/ParameterInstance.hbm.xml"/>
    <mapping resource="com/webratio/webapp/SequenceFlow.hbm.xml"/>
    <mapping resource="com/webratio/webapp/Notification.hbm.xml"/>
    <mapping resource="com/webratio/webapp/Note.hbm.xml"/>
    <mapping resource="com/webratio/webapp/Attachment.hbm.xml"/>
  </session-factory>
</hibernate-configuration>
